,model_size,load_time,inference_time,max_sequence_length,vocab_size,TOPSIS Score
microsoft/DialoGPT-small,124.439808,71.9126501083374,0.0833888053894043,1024.0,50257.0,0.7317059808044601
gpt2,124.439808,109.1820900440216,0.7276952266693115,1024.0,50257.0,0.6431113590171554
EleutherAI/gpt-neo-125M,125.198592,110.01441478729248,1.7540628910064697,2048.0,50257.0,0.6014079995029836
microsoft/DialoGPT-medium,354.823168,171.7406153678894,0.3550081253051758,1024.0,50257.0,0.5271638945260924
facebook/blenderbot-400M-distill,325.28128,107.00210189819336,1.8761370182037354,128.0,8009.0,0.18133052281900724
